{
    "seedA": 3469801905,
    "seedB": 3556782756,
    "seedC": 2568262957,
    "seedD": 2017133844,
    "seedE": 2364421346,
    "seedF": 378462828,
    "simplifiedSeed": -1952474624,
    "budgetCosts": [
        1.0,
        1.5,
        6.220800876617432,
        1.0,
        2.1600000858306886,
        1.0,
        5.374773025512695,
        1.0,
        1.5,
        4.320000171661377
    ],
    "energyCosts": [
        0.10000000149011612,
        0.10000000149011612,
        0.3500000238418579,
        0.10000000149011612,
        0.20000000298023225,
        0.10000000149011612,
        0.4500000476837158,
        0.10000000149011612,
        0.10000000149011612,
        0.25
    ],
    "budget": 949.6221923828125,
    "wave": 20,
    "enemyQuantity": 1.0,
    "enemyStrength": 1.0,
    "playerStrength": 1.0,
    "playerHealth": 1.0,
    "playerIncome": 10.0,
    "playerCosts": 0.10000000149011612,
    "energyProduction": 10.0,
    "energyConsumption": 0.10000000149011612,
    "buildings": [
        {
            "type": 3,
            "firerate": 0.0,
            "damage": 0.0,
            "splashRange": 0.0,
            "splash": false,
            "cooldown": 10,
            "baseCooldown": 10,
            "healing": 5.0,
            "healingEffectiveness": 0.0,
            "extractionRate": 0.0,
            "energyRate": 0.0,
            "damageEffectiveness": 0.0,
            "range": 2.0,
            "health": 2.0,
            "baseHealth": 2.0,
            "energyCost": 0.10000000149011612,
            "cost": 0.0,
            "location": {
                "x": 0,
                "y": 1
            },
            "expenseModifiers": [
                0.3,
                0.3,
                0.3
            ],
            "upgradeLevels": [
                0,
                0,
                0
            ],
            "maxAlignments": 1,
            "alignments": 0,
            "primaryMisalignmentChosen": false,
            "finishedAligning": true
        },
        {
            "type": 3,
            "firerate": 0.0,
            "damage": 0.0,
            "splashRange": 0.0,
            "splash": false,
            "cooldown": 10,
            "baseCooldown": 10,
            "healing": 5.0,
            "healingEffectiveness": 0.0,
            "extractionRate": 0.0,
            "energyRate": 0.0,
            "damageEffectiveness": 0.0,
            "range": 2.0,
            "health": 2.0,
            "baseHealth": 2.0,
            "energyCost": 0.15000000596046449,
            "cost": 0.0,
            "location": {
                "x": 0,
                "y": -1
            },
            "expenseModifiers": [
                0.3,
                0.3,
                0.3
            ],
            "upgradeLevels": [
                0,
                0,
                0
            ],
            "maxAlignments": 1,
            "alignments": 1,
            "primaryMisalignmentChosen": false,
            "finishedAligning": true
        },
        {
            "type": 0,
            "firerate": 3.0,
            "damage": 10.0,
            "splashRange": 0.10000000149011612,
            "splash": true,
            "cooldown": 0,
            "baseCooldown": 0,
            "healing": 0.0,
            "healingEffectiveness": 0.0,
            "extractionRate": 0.0,
            "energyRate": 0.0,
            "damageEffectiveness": 0.0,
            "range": 5.0,
            "health": 20.0,
            "baseHealth": 20.0,
            "energyCost": 0.10000000149011612,
            "cost": 0.0,
            "location": {
                "x": 1,
                "y": 2
            },
            "expenseModifiers": [
                0.3,
                0.3,
                0.3,
                0.3,
                0.3
            ],
            "upgradeLevels": [
                0,
                0,
                0,
                0,
                0
            ],
            "maxAlignments": 2,
            "alignments": 2,
            "primaryMisalignmentChosen": false,
            "finishedAligning": true
        },
        {
            "type": 0,
            "firerate": 3.0,
            "damage": 10.0,
            "splashRange": 0.10000000149011612,
            "splash": true,
            "cooldown": 0,
            "baseCooldown": 0,
            "healing": 0.0,
            "healingEffectiveness": 0.0,
            "extractionRate": 0.0,
            "energyRate": 0.0,
            "damageEffectiveness": 0.0,
            "range": 5.0,
            "health": 20.0,
            "baseHealth": 20.0,
            "energyCost": 0.15000000596046449,
            "cost": 0.0,
            "location": {
                "x": 1,
                "y": 1
            },
            "expenseModifiers": [
                0.3,
                0.3,
                0.3,
                0.3,
                0.3
            ],
            "upgradeLevels": [
                0,
                0,
                0,
                0,
                0
            ],
            "maxAlignments": 2,
            "alignments": 2,
            "primaryMisalignmentChosen": false,
            "finishedAligning": true
        },
        {
            "type": 0,
            "firerate": 3.0,
            "damage": 10.0,
            "splashRange": 0.10000000149011612,
            "splash": true,
            "cooldown": 0,
            "baseCooldown": 0,
            "healing": 0.0,
            "healingEffectiveness": 0.0,
            "extractionRate": 0.0,
            "energyRate": 0.0,
            "damageEffectiveness": 0.0,
            "range": 5.0,
            "health": 20.0,
            "baseHealth": 20.0,
            "energyCost": 0.20000000298023225,
            "cost": 0.0,
            "location": {
                "x": 2,
                "y": 0
            },
            "expenseModifiers": [
                0.3,
                0.3,
                0.3,
                0.3,
                0.3
            ],
            "upgradeLevels": [
                0,
                0,
                0,
                0,
                0
            ],
            "maxAlignments": 2,
            "alignments": 2,
            "primaryMisalignmentChosen": false,
            "finishedAligning": true
        },
        {
            "type": 0,
            "firerate": 3.0,
            "damage": 10.0,
            "splashRange": 0.10000000149011612,
            "splash": true,
            "cooldown": 0,
            "baseCooldown": 0,
            "healing": 0.0,
            "healingEffectiveness": 0.0,
            "extractionRate": 0.0,
            "energyRate": 0.0,
            "damageEffectiveness": 0.0,
            "range": 5.0,
            "health": 20.0,
            "baseHealth": 20.0,
            "energyCost": 0.25,
            "cost": 0.0,
            "location": {
                "x": 1,
                "y": -1
            },
            "expenseModifiers": [
                0.3,
                0.3,
                0.3,
                0.3,
                0.3
            ],
            "upgradeLevels": [
                0,
                0,
                0,
                0,
                0
            ],
            "maxAlignments": 2,
            "alignments": 0,
            "primaryMisalignmentChosen": false,
            "finishedAligning": true
        },
        {
            "type": 0,
            "firerate": 3.0,
            "damage": 10.0,
            "splashRange": 0.10000000149011612,
            "splash": false,
            "cooldown": 0,
            "baseCooldown": 0,
            "healing": 0.0,
            "healingEffectiveness": 0.0,
            "extractionRate": 0.0,
            "energyRate": 0.0,
            "damageEffectiveness": 0.0,
            "range": 5.0,
            "health": 20.0,
            "baseHealth": 20.0,
            "energyCost": 0.30000001192092898,
            "cost": 0.0,
            "location": {
                "x": 1,