{
    "seedA": 797290154,
    "seedB": 1994265297,
    "seedC": 3510115881,
    "seedD": 4267837289,
    "seedE": 1998127240,
    "seedF": 3378984921,
    "simplifiedSeed": 1359140864,
    "budgetCosts": [
        1.2000000476837159,
        1.8000000715255738,
        3.0,
        1.2000000476837159,
        1.8000000715255738,
        1.0,
        1.8000000715255738,
        1.0,
        1.8000000715255738,
        3.6000001430511476
    ],
    "energyCosts": [
        0.15000000596046449,
        0.15000000596046449,
        0.15000000596046449,
        0.15000000596046449,
        0.15000000596046449,
        0.10000000149011612,
        0.15000000596046449,
        0.10000000149011612,
        0.15000000596046449,
        0.20000000298023225
    ],
    "budget": 984.0,
    "wave": 0,
    "enemyQuantity": 1.0,
    "enemyStrength": 1.0,
    "playerStrength": 1.0,
    "playerHealth": 1.0,
    "playerIncome": 10.0,
    "playerCosts": 0.10000000149011612,
    "energyProduction": 10.0,
    "energyConsumption": 0.10000000149011612,
    "buildings": [
        {
            "type": 0,
            "firerate": 3.0,
            "damage": 10.0,
            "splashRange": 0.10000000149011612,
            "splash": false,
            "cooldown": 0,
            "baseCooldown": 0,
            "healing": 0.0,
            "healingEffectiveness": 0.0,
            "extractionRate": 0.0,
            "energyRate": 0.0,
            "damageEffectiveness": 0.0,
            "range": 5.0,
            "health": 20.0,
            "baseHealth": 20.0,
            "energyCost": 0.10000000149011612,
            "cost": 0.0,
            "location": {
                "x": 0,
                "y": 1
            },
            "expenseModifiers": [
                -Infinity,
                0.5,
                0.5,
                0.5,
                0.5
            ],
            "upgradeLevels": [
                0,
                0,
                0,
                0,
                0
            ],
            "maxAlignments": 0,
            "alignments": 0,
            "primaryMisalignmentChosen": false,
            "finishedAligning": true
        },
        {
            "type": 0,
            "firerate": 3.0,
            "damage": 10.0,
            "splashRange": 0.10000000149011612,
            "splash": false,
            "cooldown": 0,
            "baseCooldown": 0,
            "healing": 0.0,
            "healingEffectiveness": 0.0,
            "extractionRate": 0.0,
            "energyRate": 0.0,
            "damageEffectiveness": 0.0,
            "range": 5.0,
            "health": 20.0,
            "baseHealth": 20.0,
            "energyCost": 0.10000000149011612,
            "cost": 0.0,
            "location": {
                "x": -1,
                "y": 1
            },
            "expenseModifiers": [
                -Infinity,
                0.5,
                0.5,
                0.5,
                0.30000001192092898
            ],
            "upgradeLevels": [
                0,
                0,
                0,
                0,
                0
            ],
            "maxAlignments": 1,
            "alignments": 1,
            "primaryMisalignmentChosen": false,
            "finishedAligning": false
        },
        {
            "type": 0,
            "firerate": 3.0,
            "damage": 10.0,
            "splashRange": 0.10000000149011612,
            "splash": false,
            "cooldown": 0,
            "baseCooldown": 0,
            "healing": 0.0,
            "healingEffectiveness": 0.0,
            "extractionRate": 0.0,
            "energyRate": 0.0,
            "damageEffectiveness": 0.0,
            "range": 5.0,
            "health": 20.0,
            "baseHealth": 20.0,
            "energyCost": 0.10000000149011612,
            "cost": 0.0,
            "location": {
                "x": 1,
                "y": 0
            },
            "expenseModifiers": [
                -Infinity,
                0.5,
                0.5,
                0.5,
                0.30000001192092898
            ],
            "upgradeLevels": [
                0,
                0,
                0,
                0,
                0
            ],
            "maxAlignments": 2,
            "alignments": 1,
            "primaryMisalignmentChosen": false,
            "finishedAligning": false
        },
        {
            "type": 3,
            "firerate": 0.0,
            "damage": 0.0,
            "splashRange": 0.0,
            "splash": false,
            "cooldown": 10,
            "baseCooldown": 10,
            "healing": 5.0,
            "healingEffectiveness": 0.0,
            "extractionRate": 0.0,
            "energyRate": 0.0,
            "damageEffectiveness": 0.0,
            "range": 2.0,
            "health": 2.0,
            "baseHealth": 2.0,
            "energyCost": 0.10000000149011612,
            "cost": 0.0,
            "location": {
                "x": 0,
                "y": -1
            },
            "expenseModifiers": [
                0.5,
                0.5,
                0.5
            ],
            "upgradeLevels": [
                0,
                0,
                0
            ],
            "maxAlignments": 0,
            "alignments": 0,
            "primaryMisalignmentChosen": false,
            "finishedAligning": true
        },
        {
            "type": 3,
            "firerate": 0.0,
            "damage": 0.0,
            "splashRange": 0.0,
            "splash": false,
            "cooldown": 10,
            "baseCooldown": 10,
            "healing": 5.0,
            "healingEffectiveness": 0.0,
            "extractionRate": 0.0,
            "energyRate": 0.0,
            "damageEffectiveness": 0.0,
            "range": 2.0,
            "health": 2.0,
            "baseHealth": 2.0,
            "energyCost": 0.10000000149011612,
            "cost": 0.0,
            "location": {
                "x": 0,
                "y": 2
            },
            "expenseModifiers": [
                0.5,
                0.5,
                0.30000001192092898
            ],
            "upgradeLevels": [
                0,
                0,
                0
            ],
            "maxAlignments": 1,
            "alignments": 1,
            "primaryMisalignmentChosen": false,
            "finishedAligning": false
        },
        {
            "type": 5,
            "firerate": 0.0,
            "damage": 0.0,
            "splashRange": 0.0,
            "splash": false,
            "cooldown": 0,
            "baseCooldown": 0,
            "healing": 0.0,
            "healingEffectiveness": 1.0,
            "extractionRate": 0.0,
            "energyRate": 0.0,
            "damageEffectiveness": 0.0,
            "range": 0.0,
            "health": 100.0,
            "baseHealth": 100.0,
            "energyCost": 0.0,
            "cost": 0.0,
            "location": {
                "x": 2,
                "y": 0
            },
            "expenseModifiers": [
                0.30000001192092898,
                1.0
            ],
            "upgradeLevels": [
                0,
                0
            ],
            "maxAlignments": 1,
            "alignments": 0,
            "primaryMisalignmentChosen": false,
            "finishedAligning": true
        },
        {
            "type": 7,
            "firerate": 0.0,
            "damage": 0.0,
            "splashRange": 0.0,
            "splash": false,
            "cooldown": 0,
            "baseCooldown": 0,
            "healing": 0.0,
            "healingEffectiveness": 0.0,
            "extractionRate": 1.0,
            "energyRate": 0.0,
            "damageEffectiveness": 10.0,
            "range": 0.0,
            "health": 10.0,
            "baseHealth": 10.0,
            "energyCost": 0.10000000149011612,
            "cost": 0.0,
            "location": {
                "x": 1,