{
    "seedA": 2894498001,
    "seedB": 4034466709,
    "seedC": 815092254,
    "seedD": 3055281001,
    "seedE": 753823624,
    "seedF": 3434954268,
    "simplifiedSeed": 1793021952,
    "budgetCosts": [
        1.0,
        1.5,
        2.5,
        1.0,
        1.5,
        1.0,
        2.5920002460479738,
        1.0,
        1.5,
        2.5
    ],
    "energyCosts": [
        0.10000000149011612,
        0.10000000149011612,
        0.10000000149011612,
        0.10000000149011612,
        0.10000000149011612,
        0.10000000149011612,
        0.25,
        0.10000000149011612,
        0.10000000149011612,
        0.10000000149011612
    ],
    "budget": 994.5400390625,
    "wave": 0,
    "enemyQuantity": 1.0,
    "enemyStrength": 1.0,
    "playerStrength": 1.0,
    "playerHealth": 1.0,
    "playerIncome": 10.0,
    "playerCosts": 0.10000000149011612,
    "energyProduction": 10.0,
    "energyConsumption": 0.10000000149011612,
    "buildings": [
        {
            "type": 5,
            "firerate": 0.0,
            "damage": 0.0,
            "splashRange": 0.0,
            "splash": false,
            "cooldown": 0,
            "baseCooldown": 0,
            "healing": 0.0,
            "healingEffectiveness": 1.0,
            "extractionRate": 0.0,
            "energyRate": 0.0,
            "damageEffectiveness": 0.0,
            "range": 0.0,
            "health": 100.0,
            "baseHealth": 100.0,
            "energyCost": 0.0,
            "cost": 0.0,
            "location": {
                "x": 3,
                "y": 0
            },
            "expenseModifiers": [
                0.30000001192092898,
                1.0
            ],
            "upgradeLevels": [
                0,
                0
            ],
            "maxAlignments": 1,
            "alignments": 0,
            "primaryMisalignmentChosen": false,
            "finishedAligning": true
        },
        {
            "type": 5,
            "firerate": 0.0,
            "damage": 0.0,
            "splashRange": 0.0,
            "splash": false,
            "cooldown": 0,
            "baseCooldown": 0,
            "healing": 0.0,
            "healingEffectiveness": 1.0,
            "extractionRate": 0.0,
            "energyRate": 0.0,
            "damageEffectiveness": 0.0,
            "range": 0.0,
            "health": 100.0,
            "baseHealth": 100.0,
            "energyCost": 0.0,
            "cost": 0.0,
            "location": {
                "x": 2,
                "y": -1
            },
            "expenseModifiers": [
                1.0,
                0.30000001192092898
            ],
            "upgradeLevels": [
                0,
                0
            ],
            "maxAlignments": 1,
            "alignments": 0,
            "primaryMisalignmentChosen": false,
            "finishedAligning": true
        },
        {
            "type": 5,
            "firerate": 0.0,
            "damage": 0.0,
            "splashRange": 0.0,
            "splash": false,
            "cooldown": 0,
            "baseCooldown": 0,
            "healing": 0.0,
            "healingEffectiveness": 1.0,
            "extractionRate": 0.0,
            "energyRate": 0.0,
            "damageEffectiveness": 0.0,
            "range": 0.0,
            "health": 100.0,
            "baseHealth": 100.0,
            "energyCost": 0.0,
            "cost": 0.0,
            "location": {
                "x": 1,
                "y": -1
            },
            "expenseModifiers": [
                0.30000001192092898,
                0.3
            ],
            "upgradeLevels": [
                0,
                0
            ],
            "maxAlignments": 1,
            "alignments": 0,
            "primaryMisalignmentChosen": false,
            "finishedAligning": true
        }
    ],
    "generatedNumbers": 6,
    "swappedTiles": []
}