{
    "seedA": 1446269509,
    "seedB": 2022791434,
    "seedC": 261021083,
    "seedD": 2030841174,
    "seedE": 2371806801,
    "seedF": 2146807794,
    "simplifiedSeed": 2100713984,
    "budgetCosts": [
        10.0,
        15.0,
        43.20000457763672,
        10.0,
        15.0,
        10.0,
        15.0,
        10.0,
        15.0,
        30.000001907348634
    ],
    "budget": 410.42840576171877,
    "wave": 2,
    "enemyQuantity": 1.0,
    "enemyStrength": 1.0,
    "playerStrength": 1.0,
    "playerHealth": 1.0,
    "playerIncome": 1.0,
    "playerCosts": 1.0,
    "energyProduction": 1.0,
    "energyConsumption": 1.0,
    "buildings": [
        {
            "type": 0,
            "firerate": 3.6000001430511476,
            "damage": 10.0,
            "splashRange": 0.10000000149011612,
            "splash": false,
            "cooldown": 0,
            "baseCooldown": 0,
            "healing": 0.0,
            "healingEffectiveness": 0.0,
            "extractionRate": 0.0,
            "energyRate": 0.0,
            "damageEffectiveness": 0.0,
            "range": 10.0,
            "health": 20.0,
            "baseHealth": 20.0,
            "energyCost": 1.0999999046325684,
            "cost": 13.0,
            "location": {
                "x": 1,
                "y": -2
            },
            "expenseModifiers": [
                -Infinity,
                3.0,
                0.30000001192092898,
                0.30000001192092898,
                3.0
            ],
            "upgradeLevels": [
                0,
                0,
                0,
                1,
                0
            ],
            "maxAlignments": 2,
            "alignments": 2,
            "primaryMisalignmentChosen": false,
            "finishedAligning": true
        },
        {
            "type": 0,
            "firerate": 3.0,
            "damage": 10.0,
            "splashRange": 0.10000000149011612,
            "splash": false,
            "cooldown": 0,
            "baseCooldown": 0,
            "healing": 0.0,
            "healingEffectiveness": 0.0,
            "extractionRate": 0.0,
            "energyRate": 0.0,
            "damageEffectiveness": 0.0,
            "range": 10.0,
            "health": 14.0,
            "baseHealth": 20.0,
            "energyCost": 2.0,
            "cost": 0.0,
            "location": {
                "x": -1,
                "y": -2
            },
            "expenseModifiers": [
                -Infinity,
                0.5,
                0.5,
                0.5,
                0.5
            ],
            "upgradeLevels": [
                0,
                0,
                0,
                0,
                0
            ],
            "maxAlignments": 2,
            "alignments": 0,
            "primaryMisalignmentChosen": false,
            "finishedAligning": false
        },
        {
            "type": 7,
            "firerate": 0.0,
            "damage": 0.0,
            "splashRange": 0.0,
            "splash": false,
            "cooldown": 0,
            "baseCooldown": 0,
            "healing": 0.0,
            "healingEffectiveness": 0.0,
            "extractionRate": 0.10000000149011612,
            "energyRate": 1.5,
            "damageEffectiveness": 10.0,
            "range": 0.0,
            "health": 10.0,
            "baseHealth": 10.0,
            "energyCost": 4.0,
            "cost": 165.828369140625,
            "location": {
                "x": -1,
                "y": 4
            },
            "expenseModifiers": [
                0.30000001192092898,
                0.30000001192092898,
                3.0,
                3.0
            ],
            "upgradeLevels": [
                0,
                6,
                0,
                0
            ],
            "maxAlignments": 2,
            "alignments": 2,
            "primaryMisalignmentChosen": false,
            "finishedAligning": true
        }
    ],
    "generatedNumbers": 30,
    "swappedTiles": []
}