{
    "seedA": 872392463,
    "seedB": 2536410422,
    "seedC": 1096446969,
    "seedD": 3130209,
    "seedE": 3458605903,
    "seedF": 763512981,
    "simplifiedSeed": 39550208,
    "budgetCosts": [
        10.0,
        15.0,
        51.84000778198242,
        10.0,
        21.600000381469728,
        10.0,
        15.0,
        10.0,
        15.0,
        43.20000457763672
    ],
    "budget": 1054406410240.0,
    "wave": 2,
    "enemyDifficulty": 1.0,
    "playerPower": 1.0,
    "playerIncome": 1.0,
    "playerCosts": 1.0,
    "buildings": [
        {
            "type": 0,
            "firerate": 3.0,
            "damage": 10.0,
            "splashRange": 0.10000000149011612,
            "splash": false,
            "cooldown": 0,
            "baseCooldown": 0,
            "healing": 0.0,
            "healingEffectiveness": 0.0,
            "extractionRate": 0.0,
            "energyRate": 0.0,
            "damageEffectiveness": 0.0,
            "range": 10.0,
            "health": 20.0,
            "baseHealth": 20.0,
            "energyCost": 1.0,
            "cost": 0.0,
            "location": {
                "x": 0,
                "y": 2
            },
            "expenseModifiers": [
                -Infinity,
                3.0,
                0.30000001192092898,
                0.30000001192092898,
                3.0
            ],
            "upgradeLevels": [
                0,
                0,
                0,
                0,
                0
            ],
            "maxAlignments": 2,
            "alignments": 2,
            "primaryMisalignmentChosen": false,
            "finishedAligning": true
        },
        {
            "type": 0,
            "firerate": 3.0,
            "damage": 10.0,
            "splashRange": 0.10000000149011612,
            "splash": false,
            "cooldown": 0,
            "baseCooldown": 0,
            "healing": 0.0,
            "healingEffectiveness": 0.0,
            "extractionRate": 0.0,
            "energyRate": 0.0,
            "damageEffectiveness": 0.0,
            "range": 10.0,
            "health": 20.0,
            "baseHealth": 20.0,
            "energyCost": 1.0,
            "cost": 0.0,
            "location": {
                "x": 1,
                "y": 1
            },
            "expenseModifiers": [
                -Infinity,
                3.0,
                0.30000001192092898,
                0.30000001192092898,
                3.0
            ],
            "upgradeLevels": [
                0,
                0,
                0,
                0,
                0
            ],
            "maxAlignments": 2,
            "alignments": 2,
            "primaryMisalignmentChosen": false,
            "finishedAligning": true
        },
        {
            "type": 0,
            "firerate": 3.0,
            "damage": 10.0,
            "splashRange": 0.10000000149011612,
            "splash": false,
            "cooldown": 0,
            "baseCooldown": 0,
            "healing": 0.0,
            "healingEffectiveness": 0.0,
            "extractionRate": 0.0,
            "energyRate": 0.0,
            "damageEffectiveness": 0.0,
            "range": 10.0,
            "health": 20.0,
            "baseHealth": 20.0,
            "energyCost": 1.0,
            "cost": 0.0,
            "location": {
                "x": 1,
                "y": -1
            },
            "expenseModifiers": [
                -Infinity,
                3.0,
                0.30000001192092898,
                0.30000001192092898,
                3.0
            ],
            "upgradeLevels": [
                0,
                0,
                0,
                0,
                0
            ],
            "maxAlignments": 2,
            "alignments": 2,
            "primaryMisalignmentChosen": false,
            "finishedAligning": true
        },
        {
            "type": 0,
            "firerate": 3.0,
            "damage": 10.0,
            "splashRange": 0.10000000149011612,
            "splash": false,
            "cooldown": 0,
            "baseCooldown": 0,
            "healing": 0.0,
            "healingEffectiveness": 0.0,
            "extractionRate": 0.0,
            "energyRate": 0.0,
            "damageEffectiveness": 0.0,
            "range": 10.0,
            "health": 20.0,
            "baseHealth": 20.0,
            "energyCost": 1.0,
            "cost": 0.0,
            "location": {
                "x": 0,
                "y": -2
            },
            "expenseModifiers": [
                -Infinity,
                0.5,
                0.5,
                0.5,
                0.5
            ],
            "upgradeLevels": [
                0,
                0,
                0,
                0,
                0
            ],
            "maxAlignments": 2,
            "alignments": 0,
            "primaryMisalignmentChosen": false,
            "finishedAligning": false
        },
        {
            "type": 3,
            "firerate": 0.0,
            "damage": 0.0,
            "splashRange": 0.0,
            "splash": false,
            "cooldown": 7,
            "baseCooldown": 10,
            "healing": 5.0,
            "healingEffectiveness": 0.0,
            "extractionRate": 0.0,
            "energyRate": 0.0,
            "damageEffectiveness": 0.0,
            "range": 2.0,
            "health": 2.0,
            "baseHealth": 2.0,
            "energyCost": 1.0,
            "cost": 0.0,
            "location": {
                "x": 0,
                "y": -1
            },
            "expenseModifiers": [
                0.5,
                0.5,
                0.5
            ],
            "upgradeLevels": [
                0,
                0,
                0
            ],
            "maxAlignments": 1,
            "alignments": 0,
            "primaryMisalignmentChosen": false,
            "finishedAligning": false
        },
        {
            "type": 3,
            "firerate": 0.0,
            "damage": 0.0,
            "splashRange": 0.0,
            "splash": false,
            "cooldown": 7,
            "baseCooldown": 10,
            "healing": 5.0,
            "healingEffectiveness": 0.0,
            "extractionRate": 0.0,
            "energyRate": 0.0,
            "damageEffectiveness": 0.0,
            "range": 2.0,
            "health": 2.0,
            "baseHealth": 2.0,
            "energyCost": 1.0,
            "cost": 0.0,
            "location": {
                "x": 0,
                "y": 1
            },
            "expenseModifiers": [
                0.5,
                0.5,
                0.5
            ],
            "upgradeLevels": [
                0,
                0,
                0
            ],
            "maxAlignments": 1,
            "alignments": 0,
            "primaryMisalignmentChosen": false,
            "finishedAligning": false
        },
        {
            "type": 7,
            "firerate": 0.0,
            "damage": 0.0,
            "splashRange": 0.0,
            "splash": false,
            "cooldown": 0,
            "baseCooldown": 0,
            "healing": 0.0,
            "healingEffectiveness": 0.0,
            "extractionRate": 0.12000000476837158,
            "energyRate": 0.0,
            "damageEffectiveness": 10.0,
            "range": 0.0,
            "health": 10.0,
            "baseHealth": 10.0,
            "energyCost": 1.100000023841858,
            "cost": 0.0,
            "location": {
                "x": 4,
                "y": 11
            },
            "expenseModifiers": [
                0.30000001192092898,
                0.30000001192092898,
                3.0,
                3.0
            ],
            "upgradeLevels": [
                1,
                0,
                0,
                0
            ],
            "maxAlignments": 2,
            "alignments": 2,